matricule,CIN,nom,prenom
95fa2d46-c3cc-48f6-a719-584792f9927e,.@yopmail.com,Jobi,Mildrid
3565c963-4436-4e2a-91ca-a2c7a6aa3898,.@yopmail.com,Darian,Veda
ac106465-0f3f-4313-959a-37b191ab1f23,.@yopmail.com,Ietta,Quintina
38d6d39e-651b-467c-916a-7dae2268aef2,.@yopmail.com,Norrie,Bertine
02075440-90c1-4009-9155-496eb05a912b,.@yopmail.com,Adrienne,Paola
b6f3a388-f3c0-4559-92eb-f013700ec2d0,.@yopmail.com,Masao,Edyth
77302a77-cb3d-42a6-a262-5005ffd6622a,.@yopmail.com,Ricarda,Emma
c40c6a9b-c3b3-4873-a580-1c572b8eab96,.@yopmail.com,Ralfston,Veda
23bfc4f8-31b1-4c5f-bc83-151a4311777f,.@yopmail.com,Carolin,Lanae
beabc978-1cfd-4ce9-b434-238d0a4c285a,.@yopmail.com,Pip,Larine